{"cameraMode":{"drawMode":0,"name":"Shaded","section":"Shading Mode"},"sceneLighting":false,"audioPlay":false,"sceneViewState":{"m_AlwaysRefresh":false,"showFog":true,"showSkybox":true,"showFlares":true,"showImageEffects":true,"showParticleSystems":true,"showVisualEffectGraphs":true,"m_FxEnabled":false},"in2DMode":false,"pivot":{"x":-17.87848663330078,"y":17.407459259033204,"z":28.930633544921876},"rotation":{"x":0.12714901566505433,"y":0.009817768819630146,"z":-0.001259400392882526,"w":0.991838812828064},"size":-2.1586358547210695,"orthographic":false}