{"cameraMode":{"drawMode":0,"name":"Shaded","section":"Shading Mode"},"sceneLighting":true,"audioPlay":false,"sceneViewState":{"m_AlwaysRefresh":false,"showFog":true,"showSkybox":true,"showFlares":true,"showImageEffects":true,"showParticleSystems":true,"showVisualEffectGraphs":true,"m_FxEnabled":true},"in2DMode":false,"pivot":{"x":0.8372563123703003,"y":1.0285450220108033,"z":7.092903137207031},"rotation":{"x":0.05845988541841507,"y":-0.014973870478570462,"z":0.0008767797262407839,"w":0.9981768131256104},"size":4.479435443878174,"orthographic":false}