{"cameraMode":{"drawMode":0,"name":"Shaded","section":"Shading Mode"},"sceneLighting":false,"audioPlay":false,"sceneViewState":{"m_AlwaysRefresh":false,"showFog":true,"showSkybox":false,"showFlares":true,"showImageEffects":true,"showParticleSystems":true,"showVisualEffectGraphs":true,"m_FxEnabled":true},"in2DMode":false,"pivot":{"x":1.0633049011230469,"y":-0.05256035923957825,"z":1.4428479671478272},"rotation":{"x":0.025615239515900613,"y":0.31568190455436709,"z":-0.008525463752448559,"w":0.9484814405441284},"size":3.1071064472198488,"orthographic":false}